Price,Close,High,Low,Open,Volume
Ticker,BXP,BXP,BXP,BXP,BXP
Date,,,,,
2023-04-19,47.78761291503906,48.08018836999239,45.92575588984835,46.20946685675525,1231600
2023-04-20,46.351314544677734,47.56595551094806,45.96121287631483,46.96306896214115,1945900
2023-04-21,46.20946502685547,46.6438993301601,45.624310758019476,46.52864069751171,1473600
2023-04-24,46.12967300415039,46.546374967080546,45.36719851117245,46.22719928331289,1257200
2023-04-25,44.595863342285156,45.87256618649106,44.09050292715425,45.659781251756144,2399200
2023-04-26,45.376068115234375,46.98967557185055,44.6313259520191,46.12081027844966,2749200
2023-04-27,46.8300895690918,47.051738990900105,44.62246322185801,45.08349104296974,1997800
2023-04-28,47.3088493347168,48.292973229692514,46.546374843758976,46.67049796887276,1485000
2023-05-01,46.821224212646484,47.79648029768875,46.546377717141034,47.17586125170653,1648400
2023-05-02,45.40266036987305,46.635030440773406,44.258948702393795,46.23606424327714,1574400
2023-05-03,44.56926345825195,46.032147524802824,44.356478538009185,45.624313424947545,1866700
2023-05-04,44.915035247802734,45.163281498875385,43.58513881916811,44.09936706164889,1659700
2023-05-05,46.041019439697266,46.25380099653076,45.03029858948353,45.65978215309358,1191900
2023-05-08,45.14555358886719,46.17401017516336,45.03916281108207,46.12081309521988,1004800
2023-05-09,45.207618713378906,45.5356589190349,43.939783717725184,44.42741178172234,1526200
2023-05-10,44.87070846557617,45.996687908457396,44.26782178148069,45.86369690557392,1385200
2023-05-11,43.824520111083984,44.613591442455515,43.638335424780884,44.161428149704925,1586900
2023-05-12,42.929054260253906,44.223489329414896,42.52122017508744,44.00183992894163,1688100
2023-05-15,43.54080581665039,43.78018755877598,42.62761143091668,43.39895034525388,1349400
2023-05-16,41.723289489746094,43.53194624946483,41.678956898522536,43.36349390196167,1509800
2023-05-17,43.585140228271484,43.78019279304974,41.670089444408276,42.051326703510355,1503500
2023-05-18,43.75359344482422,43.8067905223172,42.689678951778156,43.16843912080821,1386900
2023-05-19,43.51421356201172,44.941632913816385,43.496481203454316,44.11709684245566,1426000
2023-05-22,44.383079528808594,44.62246129990326,43.20390303216839,43.75359262758857,1377700
2023-05-23,45.09236145019531,46.280402553197426,44.48947471839711,44.5249394395857,2184400
2023-05-24,42.86699676513672,44.87070942946798,42.84926778766633,44.755450783299814,1546800
2023-05-25,42.202049255371094,42.67194833718253,41.73215355566149,42.5566896889531,1115300
2023-05-26,42.326168060302734,42.450291174803425,41.4927642079103,42.29956783426601,1334600
2023-05-30,43.42555236816406,43.50534629172215,42.29070846165053,42.59215179708089,1617400
2023-05-31,43.15070724487305,43.664935520092094,42.74287312583142,43.21277219369408,2858900
2023-06-01,42.601016998291016,43.48761466061591,42.19318288532596,43.15070660194398,1492000
2023-06-02,44.897308349609375,45.12782565258318,43.41669176907783,43.86885512167732,1653300
2023-06-05,44.05503463745117,45.05689089770502,44.04617014935226,44.82637700401641,1083500
2023-06-06,46.138545989990234,46.71483247659932,44.05503932642911,44.35648268539914,1672800
2023-06-07,48.30184555053711,48.80720600308095,46.138548234070534,46.80349655395475,2628300
2023-06-08,47.7698860168457,48.19545251584744,46.45772179939822,47.94720623695523,1855400
2023-06-09,47.97380447387695,48.43483570665629,47.459576158895466,47.97380447387695,1705100
2023-06-12,48.21318054199219,49.144107386255094,47.6546230825938,47.90286933917016,1833900
2023-06-13,48.700809478759766,49.75585947106568,47.92060259506625,48.47029219439271,1719700
2023-06-14,48.08019256591797,50.01297581045733,47.707823157644306,49.215036532582616,1541600
2023-06-15,48.96678924560547,49.04658317173928,47.40637882377974,47.67235745019186,1509000
2023-06-16,48.798336029052734,49.197305652562584,48.23091406766169,49.073179139169326,1989500
2023-06-20,47.97380447387695,48.40823547450422,47.149268301304566,48.36390626372009,1491600
2023-06-21,48.035865783691406,48.47029678195185,46.883289399073405,47.716690056421385,966100
2023-06-22,46.369056701660156,48.168852241976914,45.881428667603544,48.168852241976914,1303100
2023-06-23,45.65977478027344,46.439981587584924,45.36719595924363,46.04101200531761,2638400
2023-06-26,50.17256164550781,50.28782028813736,45.98781961380506,46.02328433186056,3046400
2023-06-27,51.20101547241211,51.54678802277784,49.13524127669644,49.91544817374073,2890400
2023-06-28,50.367610931396484,51.28966986605824,49.95977346453105,51.19214697091146,2681300
2023-06-29,51.51334762573242,51.62160933091486,49.75413793486975,50.520972751837164,1972800
2023-06-30,51.95541000366211,52.7673556219477,50.69238425109971,52.10877559741144,2123000
2023-07-03,52.72224807739258,53.14626453079582,51.74791671737327,51.856174992604636,1011300
2023-07-05,52.388450622558594,53.39886923886165,51.46824666358902,52.325299674131436,1469700
2023-07-06,51.80204391479492,51.87421839228907,50.015766894436666,51.32390004653592,1407400
2023-07-07,53.29963302612305,54.210813429411786,51.62161429072089,51.63063437961867,2586200
2023-07-10,53.543216705322266,53.57028385668286,52.28019424931598,52.74029452482163,1262200
2023-07-11,54.986671447753906,55.121993429040494,53.46201832505843,54.120598378233296,1185900
2023-07-12,55.049827575683594,57.08870854894501,55.049827575683594,56.26774272924447,2663100
2023-07-13,56.03317642211914,56.204585639084605,54.74308692612509,55.11297250907992,1108900
2023-07-14,55.44677734375,56.15046479576734,55.140042670170345,55.90688107485389,1194300
2023-07-17,54.950584411621094,55.57307378735347,54.625806148989085,55.230255346991655,1238200
2023-07-18,56.09632873535156,56.592516220956526,54.96862834012733,55.248299277071595,1287500
2023-07-19,58.11716842651367,58.26151738714671,56.6466495254853,56.80903866472883,1800400
2023-07-20,57.18794250488281,57.83749904076345,56.38502036551287,57.711197145779664,2086000
2023-07-21,57.18794250488281,57.86456274926896,56.35795665700736,57.539784481328645,1443300
2023-07-24,58.153255462646484,58.75770124656781,57.23305149065115,57.27816226142503,1664900
2023-07-25,57.12479782104492,58.288585594949254,57.061646866628614,57.927720048454155,1429800
2023-07-26,59.1546516418457,59.17269181967253,57.04359636485248,57.04359636485248,1426800
2023-07-27,58.297603607177734,60.30941730950149,58.22542912812417,59.51551868872374,1994500
2023-07-28,59.49747085571289,59.948551019540695,58.96519956620587,59.69594722906705,1109600
2023-07-31,60.11094665527344,60.76952679418459,59.57867530819739,59.587698839672285,4553000
2023-08-01,58.3787956237793,60.03877425262861,58.117168295424996,59.993663481798215,2398500
2023-08-02,60.48082733154297,60.787558529700775,57.33228637063053,57.855537555011495,2415700
2023-08-03,60.53495788574219,60.69734702346235,59.08247917694997,60.670283314331854,1460300
2023-08-04,61.82504653930664,62.36634136269509,59.99366216399157,60.1470277687465,1784000
2023-08-07,62.92567443847656,63.10610372670275,61.89721235312775,61.89721235312775,1594600
2023-08-08,61.90625,62.02352837579848,60.6612642253402,61.48223350474269,1222700
2023-08-09,60.50788879394531,61.82504195697642,60.0658321906183,61.761891013644,1558300
2023-08-10,60.70637893676758,61.978421622110666,60.399640797412694,61.14843564046032,1052800
2023-08-11,61.455169677734375,61.68972642888898,59.73203998884259,60.09290552984514,812100
2023-08-14,60.15605163574219,60.7604974105242,59.831273363305286,60.59810827430575,1051700
2023-08-15,58.17130661010742,59.11857091645979,57.95478315470882,59.05541996270296,1842300
2023-08-16,57.611961364746094,58.20738362553902,57.42250851436029,57.828477924767405,1178900
2023-08-17,56.890228271484375,57.855536050493605,56.890228271484375,57.71119398538964,1419300
2023-08-18,57.106746673583984,57.37739407705274,55.816657160865475,56.2677373138029,851200
2023-08-21,56.6737174987793,57.01653942313807,55.84373156150625,57.01653942313807,960000
2023-08-22,56.41209030151367,57.12479786356407,56.330895725565284,57.06164690910076,994900
2023-08-23,58.27955627441406,58.70357273320677,56.25871905088965,56.69175559878774,1320100
2023-08-24,58.42390441894531,59.569645000157905,58.18934080784636,58.18934080784636,802300
2023-08-25,57.747283935546875,59.082477352970926,57.32326748442674,58.721611848851424,929000
2023-08-28,58.983238220214844,59.587690855157994,58.144228861856575,58.144228861856575,1345900
2023-08-29,60.55300521850586,60.75147471399803,58.65846297563399,59.14563039097785,1577400
2023-08-30,60.71539306640625,61.0672350450753,60.110940413236385,60.44474221376679,740500
2023-08-31,60.23723602294922,61.08526884864828,60.02071949319453,60.832665083445086,2250800
2023-09-01,60.15605163574219,61.12136292244711,60.002686030129524,60.69734646215798,1690500
2023-09-05,60.35453796386719,61.049198510444675,59.86737047487826,60.03878316996833,1730300
2023-09-06,59.64181900024414,60.57104302381309,58.73063515449047,59.92148649547134,1609100
2023-09-07,59.48845672607422,59.82225165635536,58.70357472993538,59.27193328255756,1728200
2023-09-08,60.06583786010742,60.14702898793975,59.0373756099411,59.83127424147417,992500
2023-09-11,59.68692398071289,60.354520622125975,59.28094774840264,60.1740844467871,833700
2023-09-12,59.49747085571289,59.75909817668546,58.86596137952879,59.35312878241527,648700
2023-09-13,57.55782699584961,59.54258036290686,56.89023029476056,59.40725494004014,1472500
2023-09-14,59.759098052978516,60.0207253734095,58.4419448032804,58.4419448032804,1043300
2023-09-15,59.79518508911133,60.219201542063196,59.15465208592722,59.76812138069943,2257500
2023-09-18,58.9471549987793,59.75008405666025,58.54118558733585,59.65986251372849,860700
2023-09-19,59.1366081237793,60.00268115222478,58.87498082097755,58.87498082097755,865500
2023-09-20,59.1456298828125,60.670283064977866,58.94715350608835,59.98463927709548,979100
2023-09-21,54.92352294921875,58.47803348136912,54.869392089410674,58.3878188231576,2026600
2023-09-22,54.40929412841797,55.284387362797304,53.74169392841111,54.98667622492727,1610400
2023-09-25,53.80484390258789,54.56265875085541,53.06507267469206,54.03038399503098,1152900
2023-09-26,52.072696685791016,53.64245377307078,51.7388948772636,53.028984457603,1509900
2023-09-27,53.11017608642578,53.54321261899089,52.17193198660226,52.271166729121994,2291900
2023-09-28,54.31201934814453,55.11936114581192,53.284495650940336,53.284495650940336,2052000
2023-09-29,54.56889343261719,55.440455147356886,54.110177109041324,55.14687698024656,1384700
2023-10-02,52.7156867980957,54.85330685938909,52.1835776045528,54.541379573612794,1656900
2023-10-03,49.95421600341797,52.49550524598626,49.46797424599314,52.30284170072478,2316000
2023-10-04,50.39458465576172,50.633115647060954,49.64229002971155,50.3120155626719,2778500
2023-10-05,50.11935043334961,50.578066792981915,49.2569614374149,50.275312315755116,2439600
2023-10-06,48.83494186401367,49.467969162742946,47.05512369819861,49.064300037430826,3312400
2023-10-09,49.724853515625,50.05512985074098,48.04594997869478,48.04594997869478,2037800
2023-10-10,50.458797454833984,51.41292828300555,49.75237387049896,49.81659387819051,1835300
2023-10-11,52.284488677978516,52.37623054381487,50.889990618953284,51.04595249082065,1475100
2023-10-12,51.559722900390625,52.009263002432775,50.66981198449124,52.009263002432775,1061500
2023-10-13,50.86247253417969,52.312018019869086,50.486325230886465,51.94504350458033,1168900
2023-10-16,52.07347869873047,52.72485857785804,50.78907501396448,51.54136955068216,1327200
2023-10-17,53.357887268066406,53.77073269520641,51.40375457942248,51.43127994105056,1250500
2023-10-18,51.917518615722656,52.76155505208702,51.8441223170502,52.47715314405162,1016900
2023-10-19,50.045955657958984,52.091830264171755,50.02760658304828,51.3762338412953,1195000
2023-10-20,49.449623107910156,50.75237584038558,49.37622681326075,50.165219482102124,1285600
2023-10-23,48.6147575378418,49.47714296671283,48.477141240806034,48.85328848634559,923500
2023-10-24,49.3762321472168,49.86247040274805,48.67898477136578,49.027606709427126,606100
2023-10-25,47.85329055786133,49.33953058504095,47.541363292924565,48.9725595967041,1287100
2023-10-26,49.183563232421875,49.587232324616245,48.100992462730744,48.100992462730744,1473500
2023-10-27,48.091819763183594,49.66980510442526,47.83493973078722,49.66980510442526,1075000
2023-10-30,48.9083366394043,50.01842932430918,48.05512398083036,48.94503128621738,1480600
2023-10-31,49.14686584472656,49.71567309697223,48.28448043004908,49.568884015756325,1472400
2023-11-01,49.0826530456543,49.642287593608,48.20191842906893,49.11935119627742,1687200
2023-11-02,51.22943878173828,51.97256048039059,49.80741888901351,50.34870428685778,1971800
2023-11-03,54.045963287353516,54.96339603947273,52.69733602182525,52.69733602182525,2229300
2023-11-06,52.64228820800781,54.00926094265033,52.58724098725381,53.54137181528902,1627100
2023-11-07,50.91751480102539,52.49550016342058,50.825772931004835,52.357883858661744,1077900
2023-11-08,50.42210388183594,51.29366570779473,49.94503842447188,51.22944569427728,995300
2023-11-09,47.88081741333008,50.96339223544529,47.807424607899385,50.79825404856566,1519200
2023-11-10,48.110172271728516,48.357879534822146,47.422097707488945,48.357879534822146,2002500
2023-11-13,46.981727600097656,47.990905667207166,46.45879124248913,47.44962023568087,1211700
2023-11-14,52.00925827026367,53.13770006624452,50.156043804592755,50.275311034982664,3141900
2023-11-15,52.312015533447266,54.17440288565568,51.834950086138434,51.834950086138434,2230200
2023-11-16,50.66980743408203,52.312012801605896,50.376229251027574,52.15604742326122,1177800
2023-11-17,50.532196044921875,51.62393972500546,50.321183438945425,51.51384877820808,1930700
2023-11-20,50.54136657714844,50.853293828929786,49.88081392638135,50.853293828929786,1978100
2023-11-21,49.19274139404297,50.36705765372896,48.86246505537279,49.89916500737018,1420400
2023-11-22,49.52301788330078,49.935863307893875,49.25696155414878,49.935863307893875,1279000
2023-11-24,49.27531051635742,49.72485408871931,48.945034177434906,49.44044868581868,520600
2023-11-27,49.04595184326172,49.385404465811575,48.26613543954806,48.908339036580045,1235600
2023-11-28,50.69732666015625,50.78907202492243,48.33952503144657,48.899159507472916,2258600
2023-11-29,52.29366683959961,54.23862329300819,50.96338864987468,51.21109591276648,2579600
2023-11-30,52.22944259643555,52.779900802900855,51.63310995632486,52.357882611295594,2216100
2023-12-01,58.05514144897461,58.256977767452,51.80742686051164,52.31201415697702,3318800
2023-12-04,58.45881271362305,59.2294528212212,57.40376370963946,57.862480059244845,1683800
2023-12-05,56.86247634887695,58.0184434705307,56.0734836943544,57.8349562369651,1401700
2023-12-06,58.04597091674805,59.31202910048983,57.62395268874353,57.79826365255542,1367700
2023-12-07,59.27532958984375,59.63312779666725,58.01844772236095,58.06431865918199,1130800
2023-12-08,58.78908920288086,59.146887396575664,57.844131140345745,58.84413292515512,3591400
2023-12-11,58.78908920288086,59.56890559940912,58.11018746376475,58.71569290687781,2493400
2023-12-12,57.56890106201172,58.67899377243612,57.33954289044992,58.67899377243612,1266100
2023-12-13,62.46798324584961,62.642297682107426,56.76155477404512,57.201922008222056,2432300
2023-12-14,66.9542465209961,67.86250300191043,65.24782101172883,65.24782101172883,3093200
2023-12-15,65.5230484008789,66.89002830215557,63.97259174022854,66.66983939221096,2625200
2023-12-18,64.49552154541016,66.018456186173,64.33955266697924,66.018456186173,1130300
2023-12-19,65.50469207763672,65.8166158163635,64.7615668775451,65.13771762072741,1472800
2023-12-20,64.89002227783203,67.31204420738361,64.77992782668642,65.50470054795127,1250700
2023-12-21,65.36707305908203,66.01844936822738,64.3578985942013,66.01844936822738,895800
2023-12-22,65.0184555053711,66.80744640280702,64.3670791529853,65.93588817061121,807100
2023-12-26,66.1102066040039,66.52305557164536,64.90837185263644,65.25699380355988,584400
2023-12-27,65.80744934082031,66.1835931006158,65.2111166977995,66.14689495341158,839900
2023-12-28,66.92361450195312,66.93291789511053,65.07263666257357,65.58421684008513,844400
2023-12-29,65.2679672241211,66.71899145293658,65.23076074682737,66.63527510492321,915400
2024-01-02,67.0631332397461,67.3142751659952,64.92381420056306,65.62141962350718,1525000
2024-01-03,64.51455688476562,66.69108262759352,63.34257766363749,65.48190402482582,1398400
2024-01-04,64.4029312133789,65.13774311677206,63.64951962096731,64.2820154937355,1275800
2024-01-05,65.44468688964844,66.24460829642973,63.05422606140453,63.509992924577006,2257900
2024-01-08,66.12369537353516,66.75619129911715,64.8494072252904,65.10984547175181,975300
2024-01-09,66.3376235961914,66.60736520666704,64.70987763727268,65.23075407327573,1296100
2024-01-10,67.03524017333984,67.63983304949964,66.03068651108144,66.25392538919023,1183300
2024-01-11,65.04473114013672,66.7654897964178,65.01682805812067,66.2353099488845,1432300
2024-01-12,65.07263946533203,66.36553440991901,64.00297629126963,66.01208351522094,1853900
2024-01-16,64.62617492675781,65.06333506750114,63.00772510030831,64.13319442552738,1696300
2024-01-17,62.2450065612793,63.714630396183566,61.19395024959713,62.85890275677457,1547700
2024-01-18,61.85435485839844,62.775192139220344,61.11954287392493,62.25431563231667,992000
2024-01-19,63.5565071105957,63.62161666690502,61.34276800326001,62.0868833008603,1192400
2024-01-22,64.8307876586914,64.8493944420051,63.751828407980035,64.06807276022711,1468000
2024-01-23,65.56560516357422,66.13299146489238,64.45874273832844,65.54700547505638,2077100
2024-01-24,65.53770446777344,67.03523137048678,65.15635051980061,67.03523137048678,1753700
2024-01-25,66.50504302978516,67.37937733487364,65.64001211631063,67.00731973080991,1132900
2024-01-26,66.22600555419922,67.07243687673153,66.01207719770622,66.82129494956749,1146300
2024-01-29,67.16545104980469,67.51890191875772,65.8260463313982,66.43994252613768,1701200
2024-01-30,65.1098403930664,66.83990243408064,64.34712540374686,66.27251611437116,2474200
2024-01-31,61.85435485839844,64.64477688208558,61.16605274621712,64.64477688208558,3157600
2024-02-01,60.7288818359375,62.36593131155971,58.422133527747,61.910157299060906,3050800
2024-02-02,59.24065399169922,59.57550872618896,57.53849852569073,58.70117428462174,2344400
2024-02-05,58.273311614990234,58.961613690961556,57.63151231245452,58.077979386972245,1604800
2024-02-06,58.887203216552734,59.342970127839614,57.70592421767097,57.96636245269204,1568300
2024-02-07,59.315067291259766,59.74293466969126,58.51514579671135,59.19414801812446,1455100
2024-02-08,60.52425003051758,60.859101222376275,59.082532775085866,59.11973925156014,1163700
2024-02-09,59.6964225769043,60.79398874274567,59.15693933855307,60.3196150609948,1334300
2024-02-12,60.868404388427734,61.3334746980058,60.04057980509157,60.096385971389815,1471500
2024-02-13,58.17099380493164,58.477938356964756,56.50604128424642,58.40352895424953,1890400
2024-02-14,58.803489685058594,59.398779099499656,58.38492570671572,59.15694055725498,1317600
2024-02-15,62.0496711730957,62.10547733158803,59.519691455653,59.649907008203215,1289300
2024-02-16,62.654273986816406,63.36118285918111,60.28241251970859,60.72888314867838,1755200
2024-02-20,61.41718292236328,62.319420443311394,60.94280922751651,61.528802349506535,1546100
2024-02-21,61.12884521484375,61.63112202202594,60.617265014081305,61.16605169275466,1297900
2024-02-22,60.85910415649414,62.486850324568664,60.81259428455653,61.52880657249899,1390300
2024-02-23,60.48704147338867,61.19395030926384,60.40333222650835,60.82189265372904,824400
2024-02-26,59.60341262817383,60.90561091535606,59.27786128227583,60.301018093120405,936600
2024-02-27,60.384727478027344,60.99862369483345,60.021973203154566,60.319617918342736,842000
2024-02-28,59.361572265625,60.75678315287386,59.361572265625,59.86384903660374,1130500
2024-02-29,60.198699951171875,61.54740096432056,60.059177443781785,60.421931705150314,2119900
2024-03-01,61.62181091308594,61.78923649451748,59.29645955787515,60.114980680202045,1449900
2024-03-04,61.21254348754883,61.69622051721877,60.46843535203869,61.37996905991015,925800
2024-03-05,60.08707809448242,61.72412744903467,60.00336885128147,60.66376779003392,1549800
2024-03-06,58.710472106933594,60.97071753649225,57.60360609991604,60.97071753649225,2761300
2024-03-07,58.73838424682617,59.389479871908705,58.18960111411015,59.31507046398715,1518900
2024-03-08,59.47318649291992,60.431233688360685,59.240651351497206,59.78013103453147,1038300
2024-03-11,59.37087631225586,60.114984535802755,58.90580601138544,59.166244244447334,838000
2024-03-12,59.14764404296875,59.835949684801214,58.28261295508707,59.12904080419436,730000
2024-03-13,59.770835876464844,60.00337102231557,59.04532380863136,59.04532380863136,1193800
2024-03-14,58.22679901123047,59.64991296619927,57.6315096064907,59.50109416321906,1248400
2024-03-15,58.22679901123047,58.87789812824136,57.324565059511336,57.324565059511336,2255700
2024-03-18,58.44073486328125,58.85929528943277,58.068677208696826,58.6267601423687,1029300
2024-03-19,58.61746597290039,58.71978201522734,57.436186885661684,58.13379239439442,1171900
2024-03-20,59.94755935668945,60.31031362615509,57.78963697784318,58.18029433012777,1030000
2024-03-21,61.49159622192383,62.27291092712105,60.41262970932613,60.46844297141856,1326500
2024-03-22,58.849998474121094,61.910158470373396,58.79418875859915,61.28696594730052,1381900
2024-03-25,58.49654006958008,59.910357714561314,58.38492419431487,59.129035943090756,1733100
2024-03-26,56.80369186401367,58.85930194492835,56.68277258037011,58.794192380244546,1761900
2024-03-27,59.69633483886719,59.80977104227193,57.42758913434101,57.550480458238084,1228300
2024-03-28,61.73820495605469,61.94617434760406,59.84758822025142,60.140632065355945,1834100
2024-04-01,59.828678131103516,61.917812622844515,59.6774286567257,61.77601466295886,775100
2024-04-02,58.71321105957031,59.05352327353643,58.03258663163808,59.05352327353643,1461700
2024-04-03,59.280399322509766,59.42219728906864,58.22165295203895,58.39180906948077,943600
2024-04-04,58.060951232910156,60.27297726343358,57.87189207620553,60.017746680667884,1525800
2024-04-05,57.99477767944336,58.3539965549351,57.077829263630825,57.663920561274736,1089300
2024-04-08,59.78141784667969,60.26352445565315,58.467433656898926,58.65649641562129,853900
2024-04-09,61.728759765625,61.889460770847066,59.658528092212244,59.93266891931465,1415600
2024-04-10,57.97587585449219,59.5167288723617,57.474859000186406,59.365479385758796,1455200
2024-04-11,58.63759231567383,59.3087653184753,57.78681527372873,58.48634282336766,882300
2024-04-12,57.295249938964844,58.77938661629874,56.936031064926134,58.278373380506515,1122300
2024-04-15,55.46134948730469,58.05150110530295,55.11158571175284,57.86243833800626,1333900
2024-04-16,54.80908203125,55.253378955425376,53.93939842468855,55.02650293289036,1474400
2024-04-17,54.78072738647461,55.839473811892425,54.68619420183856,54.94142839124748,1424700
2024-04-18,55.480255126953125,55.59369494893459,54.56330667207283,55.23447605813786,955800
2024-04-19,56.90766906738281,56.9643853658219,55.63149826142528,55.63149826142528,1446300
2024-04-22,57.985328674316406,58.36345420236693,56.66189293221186,57.144003160779896,1159500
2024-04-23,59.48836898803711,60.70781996667447,57.9569675300228,57.9569675300228,1600300
2024-04-24,59.49782180786133,59.63961977818831,58.42016877280724,58.79829428963107,1030100
2024-04-25,58.56196594238281,58.78883836451721,57.21962362147778,58.3256383991174,1178400
2024-04-26,58.14603042602539,60.131184064659266,58.070407483088125,58.68486057253792,845600
2024-04-29,59.403289794921875,59.65852396739723,58.86446329949791,58.86446329949791,908400
2024-04-30,58.505245208740234,59.904303812412515,58.382353878275104,58.87391559406354,1261400
2024-05-01,56.00962829589844,57.909700175467286,53.693617628271326,54.82799056813687,2343300
2024-05-02,56.78478240966797,57.03056507667151,55.32900386225365,56.92658037956018,1254400
2024-05-03,57.45595169067383,59.11969962989204,57.021109872542404,58.287825660282934,891700
2024-05-06,58.22165298461914,58.5052453118235,57.701733117065785,58.46743203991036,812000
2024-05-07,57.531578063964844,59.02516627144698,57.30470203436049,58.5903244546168,986800
2024-05-08,56.83204650878906,57.53157762246815,56.576812329719885,57.144000596342096,649800
2024-05-09,58.070404052734375,58.18384026347549,56.99275103551344,57.14400051852564,672600
2024-05-10,58.13657760620117,58.335091883789396,57.49376637832975,58.335091883789396,787400
2024-05-13,59.318214416503906,59.99883890717821,58.533605227968565,58.84555932155168,1306400
2024-05-14,60.547119140625,61.019774224588836,60.05555381450185,60.254071690381465,1251600
2024-05-15,61.14266586303711,62.22977406815519,61.067039313848355,62.15414751896644,1664300
2024-05-16,60.16899871826172,61.36009164995684,60.15954359638263,61.095398722356386,1133300
2024-05-17,59.74360656738281,60.490402505917274,59.318216247580125,60.3202463779962,887300
2024-05-20,58.70376205444336,60.159540629807026,58.62813911350189,59.87594829065011,873800
2024-05-21,58.940086364746094,59.11969760099408,58.202745602256165,58.467431290109566,990300
2024-05-22,58.35399627685547,59.412742656021855,57.97587437304639,58.62813709121573,614600
2024-05-23,56.491729736328125,58.59031930287251,56.236499183814416,58.59031930287251,879800
2024-05-24,56.06634521484375,57.32360581497135,55.830017681895434,56.973842075908,949800
2024-05-28,54.91306686401367,57.162906035067856,54.90361534916708,56.65243768762268,1142600
2024-05-29,54.04338073730469,54.22299197765476,53.372211381449496,54.0244777072309,1132800
2024-05-30,55.007598876953125,55.035960634895154,54.1095570777349,54.44041420312349,1213200
2024-05-31,57.351966857910156,57.42759340318289,55.083224590810424,55.6409577409443,2268300
2024-06-03,56.75642013549805,57.607197074836854,56.3499364978098,57.465402721316345,975300
2024-06-04,56.671348571777344,57.49376745582171,56.349942951818164,56.37830110455587,942200
2024-06-05,56.45392608642578,57.23853167432852,56.20814341594621,56.6807985141753,870400
2024-06-06,57.50322341918945,57.67337594417872,55.86783353664446,55.971818239634615,1322100
2024-06-07,56.01907730102539,57.00220071192994,55.773298251335255,56.37829616386975,1536800
2024-06-10,55.84892654418945,56.633532109705925,55.102130644837644,55.39517448949237,1554100
2024-06-11,55.19666290283203,56.160879755314085,54.979241986008475,55.32900575602269,1383800
2024-06-12,56.68080139160156,58.96845405832163,56.31213097323871,57.70173818651938,1888100
2024-06-13,57.947513580322266,58.335090611668775,56.48228351577191,56.69970442544705,1685100
2024-06-14,58.268917083740234,58.77938543032641,57.41814011216865,57.41814011216865,1566200
2024-06-17,58.08930969238281,58.486338226202,57.31415565448358,58.03258978494919,968200
2024-06-18,58.656494140625,59.13860433697197,57.98532479896052,58.183839065187136,977000
2024-06-20,58.05149841308594,58.94954381154288,58.00423362497182,58.14602798931417,1057300
2024-06-21,58.13657760620117,58.448531704758885,57.720642414196476,58.14602912157917,1563800
2024-06-24,58.78883743286133,59.27094763288292,58.07040329939161,58.35399562560144,829900
2024-06-25,58.33509063720703,58.769932456747696,58.14602787903695,58.647044729098496,1250900
2024-06-26,57.74899673461914,58.24055844132054,57.49376256348157,57.82461967084212,800200
2024-06-27,57.834075927734375,57.88134071456119,57.011657097517165,57.60719990246476,935700
2024-06-28,59.14063262939453,59.16945242709025,57.93014981931147,58.32403626851528,1985600
2024-07-01,58.3048210144043,59.52490918467384,57.872509396049075,59.17905695816898,755500
2024-07-02,59.13102340698242,59.169452246977016,57.834081207760114,58.25678745337292,1010300
2024-07-03,59.06377029418945,59.803508916544686,58.708312713111816,59.371193661301284,743400
2024-07-05,57.93014907836914,59.38080662343134,57.57469147382329,58.91006250002534,1445600
2024-07-08,58.36246109008789,58.52577815215303,57.776434145452946,58.275998038178216,1027000
2024-07-09,58.852420806884766,58.96770732881314,57.363338047348144,58.24718305825259,1087700
2024-07-10,59.40001678466797,59.58254826261318,58.71791775702935,59.19826722351468,890600
2024-07-11,62.66640090942383,62.94499717792928,60.64893074892581,61.100456800672085,2619400
2024-07-12,65.09696197509766,65.4812430155228,63.57905589667153,63.59826665039474,1768900
2024-07-15,65.70220184326172,66.32665763844905,64.93363973694632,65.6637730049908,1368700
2024-07-16,66.62447357177734,66.95111504014223,65.6925943776135,66.20177099975734,1688500
2024-07-17,65.85591888427734,67.2873583311883,65.59652605168812,66.24980165993466,1184800
2024-07-18,64.58779907226562,67.72928167829876,63.972944949303226,65.50046021979782,1429100
2024-07-19,64.13626861572266,64.90482343385072,63.473383946587525,64.64543792350106,794000
2024-07-22,65.20264434814453,65.2506749008404,63.473383200954586,64.13626786230269,718400
2024-07-23,66.4611587524414,66.96071901976028,64.56858050303283,64.85679314196226,918600
2024-07-24,64.38603210449219,67.44105466487491,64.29957272832162,66.24018113217024,958700
2024-07-25,65.2410659790039,66.64368549693675,64.2899687883682,64.49171467832248,776300
2024-07-26,67.72927856445312,67.78691815820041,65.94237786277151,66.01923554080228,914300
2024-07-29,68.54586791992188,68.83408053381314,67.25853485819034,67.9502392678884,1270900
2024-07-30,69.77556610107422,69.98692105492238,67.28735919607502,69.05504184725645,1752700
2024-07-31,68.50743865966797,70.48648344842631,66.28822646688515,68.81486202546279,3384400
2024-08-01,67.52752685546875,70.22708843080262,66.77818288292418,69.52578233528824,1478300
2024-08-02,64.2995834350586,66.07687509349418,62.89696379485072,66.00962645764695,1596000
2024-08-05,63.069889068603516,64.38604197122734,60.03408045929949,61.33102260745828,1960900
2024-08-06,65.66376495361328,67.17206185543714,63.1179115343493,63.88647354642729,1644100
2024-08-07,64.89521789550781,67.31617605775155,64.47250800624644,66.71093834957847,1604900
2024-08-08,66.04805755615234,66.182554832448,64.90482337808744,65.44281981282191,1041800
2024-08-09,65.92317199707031,66.33627288518282,64.92404409722722,66.21137731673235,635000
2024-08-12,64.55896759033203,65.9135566507226,64.00176776045112,65.71181074738705,712700
2024-08-13,66.13451385498047,66.20176981953297,64.68386368145163,65.2891013964606,577600
2024-08-14,65.8366928100586,66.69171422347098,65.62533788457674,66.40350895835545,668500
2024-08-15,66.89347076416016,67.85416979335446,66.05766729967435,66.68212313456102,1073900
2024-08-16,67.23931884765625,67.74848812894949,66.29783796175026,66.86464683577815,762700
2024-08-19,68.47862243652344,68.59390895329206,67.22010911239353,67.23931986707917,823000
2024-08-20,67.4218521118164,68.47861948318882,67.22010621333587,68.20962495188144,777200
2024-08-21,67.78691864013672,67.95984475215958,66.81661793391831,67.65242136740245,785100
2024-08-22,68.08473205566406,68.46900574284624,67.04717550935038,67.69084199788635,839100
2024-08-23,70.24630737304688,71.23582608374925,68.21923207402412,68.63233290106551,1250300
2024-08-26,71.06290435791016,71.96596373992296,70.32316204256519,70.61137466690376,1319600
2024-08-27,71.28385925292969,71.52403399074893,70.18866303483807,70.30394954762977,750100
2024-08-28,71.3607177734375,71.5912834722008,70.822728699806,71.01486556051685,654700
2024-08-29,71.47601318359375,71.93714463851337,70.61138254367906,71.47601318359375,835200
2024-08-30,72.2637710571289,72.75372953908997,71.71617298771976,72.21573318122165,1595600
2024-09-03,71.3991470336914,72.27338661306361,70.82272911859896,71.77381904497908,1054300
2024-09-04,71.50482177734375,72.50394954582619,71.0532921067309,71.50482177734375,844600
2024-09-05,71.72578430175781,72.74412280321533,71.59127971086527,72.12927608578238,1006900
2024-09-06,71.62970733642578,72.22534329055186,70.96683008231629,71.92752897826428,1042900
2024-09-09,71.37993621826172,71.6969613070829,70.58255431613107,71.5816821218939,1144500
2024-09-10,71.58168029785156,71.80263695020103,70.198271474424,71.59128201000502,936200
2024-09-11,73.29173278808594,73.36859047262982,70.35199598502867,70.91880491704728,1332500
2024-09-12,75.52054595947266,75.99128639839306,73.32054445781202,73.49347056408604,1435200
2024-09-13,76.91355895996094,77.41312654038816,76.0681464855747,76.41399870908536,1209500
2024-09-16,78.29696655273438,78.52753225472567,76.19303344960319,77.09609283260042,1016800
2024-09-17,77.24980926513672,79.18080895678598,76.98080739124899,78.44107395986165,1301600
2024-09-18,78.09522247314453,80.10307986196698,77.24020095078308,77.73015949232727,1436000
2024-09-19,79.07512664794922,80.55460388091346,78.56595738735818,79.87250851959801,1695000
2024-09-20,77.83583068847656,78.86377833762259,77.62448306276531,78.63321262713191,2453900
2024-09-23,78.94063568115234,78.97906452099562,77.9222970787367,78.34500698746098,891500
2024-09-24,79.24806213378906,79.72841165607095,78.47950729586928,78.79653241011577,712000
2024-09-25,77.62447357177734,79.66115053626959,77.1441241247479,79.39215601866125,1105600
2024-09-26,77.10570526123047,78.62360413968896,76.71181514554158,78.57557358650494,1052500
2024-09-27,77.59564971923828,78.25853432953961,76.75984633708569,78.01835959590014,942000
2024-09-30,78.24723052978516,78.60705765553571,77.1288557407104,77.40115414092166,1212800
2024-10-01,77.48868560791016,78.19861282178432,76.60370835633928,78.19861282178432,640800
2024-10-02,77.93603515625,78.07218436309543,76.7106848750658,76.83711443826176,631700
2024-10-03,77.62483215332031,77.67346004751593,76.77875576351124,77.59565838463293,751000
2024-10-04,78.51953125,79.05440842305813,77.44005726042825,77.93603360093896,950800
2024-10-07,77.70262908935547,78.00410124021913,76.99270194299086,78.00410124021913,905800
2024-10-08,78.69457244873047,78.94742412210415,77.48867645349142,77.88739695806692,1190300
2024-10-09,80.13388061523438,80.37700524852114,78.60705821497646,78.90853038598806,1339500
2024-10-10,79.96855926513672,81.11610785427796,79.15165662256703,80.08525434295014,1336300
2024-10-11,80.6882095336914,80.92160711877716,80.09498479776788,80.22140694394444,863400
2024-10-14,82.06915283203125,82.30255040880003,80.04635404783465,80.5228836840222,763200
2024-10-15,84.10167694091797,85.23949845116904,82.4775987414555,82.49705286720297,1537500
2024-10-16,84.99637603759766,85.37564988425973,84.51012675525394,84.60737512780763,907900
2024-10-17,86.47456359863281,86.66906774758706,84.32534283481712,84.64626911591066,972100
2024-10-18,87.25257110595703,87.63184494694677,85.6576740772886,86.56209802570456,1058500
2024-10-21,84.53929901123047,87.28174461775751,84.44205064041819,86.93164454717319,1303000
2024-10-22,84.43231964111328,85.21032141049025,83.94607039014636,84.29617044440852,765800
2024-10-23,84.56847381591797,86.1341970897633,84.0044228708957,85.11307063479454,1244100
2024-10-24,85.19086456298828,85.46316294769578,84.22809315432264,84.72406945193958,922300
2024-10-25,84.59764099121094,85.68684196363652,84.31561554068357,85.57986653689943,990100
2024-10-28,84.98664855957031,86.28007342498826,84.9477477268237,85.4728978395402,977700
2024-10-29,83.81964874267578,85.67711703397671,83.69321918816237,85.11306611888175,1311300
2024-10-30,80.47425079345703,83.43064712081035,79.51147935691351,82.97357163914153,2179900
2024-10-31,78.344482421875,80.03663527570309,78.29586194512207,79.38505559495134,1890000
2024-11-01,76.98298645019531,79.65735738177942,76.53563060150442,79.27807613274587,1595600
2024-11-04,78.12080383300781,78.65567353947013,76.81765202574286,76.84682579269496,873000
2024-11-05,79.14192199707031,79.59899746036362,77.5081242876253,77.63455383594226,899400
2024-11-06,78.72374725341797,81.6412426291282,76.11745108766719,80.56176874654946,2451400
2024-11-07,80.34783172607422,80.59095636010662,78.00410669260589,78.05273458724237,2028800
2024-11-08,80.62013244628906,80.84380296106573,79.77405602449089,80.46452911463987,1280100
2024-11-11,79.70597839355469,81.18418030976036,79.3169774987861,81.02857698402295,962400
2024-11-12,76.85655212402344,79.84212210011464,76.72040293315864,79.0933015503583,1112100
2024-11-13,77.20665740966797,78.48062810486157,76.70096144060312,78.02356002994186,1128300
2024-11-14,77.28445434570312,78.7334749837913,77.18720598293554,77.7123560453699,1273800
2024-11-15,76.37030792236328,76.98298674116988,75.34918892364382,76.98298674116988,1379600
2024-11-18,76.25360870361328,76.65232921870718,75.15468068240729,76.18552668782397,1066300
2024-11-19,77.23583221435547,77.56648557591295,75.45615810664981,75.73818357340986,820100
2024-11-20,77.37198638916016,77.54703643427672,76.55509112499989,76.7106870431171,731600
2024-11-21,78.54869842529297,79.43367559740825,77.45950488370435,77.7998778654508,792400
2024-11-22,78.44173431396484,79.59900250936253,78.20832932668598,78.72375235600406,1326400
2024-11-25,79.86157989501953,79.99772909214225,78.71403136243177,79.2975289814684,3005700
2024-11-26,80.93132781982422,81.21335328027031,78.8696282915157,79.48230710611664,968300
2024-11-27,80.58122253417969,82.4192440196357,80.33809792055244,81.56344805071458,899000
2024-11-29,79.73515319824219,81.50510024384016,79.54065645811825,80.71737880089067,957500
2024-12-02,78.65567779541016,79.93937554778299,78.08190722877434,79.71570504266475,1054000
2024-12-03,77.94576263427734,78.889087443566,77.49841417803665,78.7626578796972,762200
2024-12-04,77.57620239257812,78.30557627051336,77.19692856961778,77.9749303405786,866300
2024-12-05,77.05106353759766,77.7998841580054,76.55508719860934,77.38170948387312,803800
2024-12-06,78.13052368164062,78.28612699856149,76.93435471600321,77.53730643970978,854200
2024-12-09,80.72710418701172,80.99940258535942,78.38337919345135,78.38337919345135,1164400
2024-12-10,78.95716094970703,80.82435641577398,78.28613456488678,80.72710804308669,1108500
2024-12-11,77.79015350341797,79.70597674948694,77.27473048180039,79.53092672143052,1741800
2024-12-12,77.74153137207031,78.772377393324,77.45950592068353,77.69290347992359,815600
2024-12-13,77.73180389404297,77.90685391743057,76.49673408761213,77.33307595538109,679900
2024-12-16,78.35420989990234,79.34615518190233,77.34281049143797,77.34281049143797,1267900
2024-12-17,78.14997863769531,78.5389795145626,77.5470269075723,77.68317610153966,893400
2024-12-18,72.18856811523438,78.58760271234144,71.92598936092357,78.13052722263917,1598400
2024-12-19,71.31332397460938,73.02491616505674,70.70064510931897,72.53866686603921,1745700
2024-12-20,72.58728790283203,73.97796106335898,71.31331723408576,71.50781396747878,3032000
2024-12-23,73.53060913085938,73.85153540325551,71.90653848387201,72.14966309879495,1287900
2024-12-24,74.03630828857422,74.06548947607794,73.00546225068526,73.36528936748364,246500
2024-12-26,74.1335678100586,74.76568593257166,73.15134219603158,73.72511277974654,677600
2024-12-27,72.55811309814453,74.28915922716524,72.40250977799339,73.31666073494465,593300
2024-12-30,72.13021087646484,72.4511371573227,70.86596729727647,71.93571414722805,616400
2024-12-31,73.28327941894531,74.02241953611951,72.52442468805009,72.56384639657004,980700
2025-01-02,72.63282775878906,74.03227200353892,72.19920403125958,72.67224946473203,935600
2025-01-03,73.8253173828125,73.94357498764073,72.63283139536671,72.85950433615743,747800
2025-01-06,70.94759368896484,73.72676021887641,70.8589004843027,73.519801889076,1227700
2025-01-07,69.31163024902344,71.96267419794624,69.19336513053331,71.12498361900897,1448100
2025-01-08,68.91741943359375,69.56785877597353,67.75450543947571,69.08495604250294,1199900
2025-01-10,67.16320037841797,68.10929882933364,66.41420295184727,67.22232918193704,1886400
2025-01-13,68.31625366210938,68.50350488889347,66.72956568494337,66.99566032499675,1387500
2025-01-14,69.27220916748047,69.74525460786313,68.53306908782608,68.67104130118116,1148800
2025-01-15,70.95745086669922,71.9823927259333,70.81947864708329,71.7360126882017,1422300
2025-01-16,71.39108276367188,71.6177481897714,70.55338461291885,70.9377443925507,575300
2025-01-17,72.13021850585938,72.85950127436723,71.54875773717485,71.94296728085428,1086600
2025-01-21,72.96791076660156,73.44095621476923,72.3864499845316,72.5539941197244,961500
2025-01-22,71.6768798828125,72.61312096634467,71.65716527029848,72.465291448176,740600
2025-01-23,70.81947326660156,71.77542894339932,69.56785855941965,71.6670211335199,1074500
2025-01-24,72.49485778808594,73.05660395702266,70.46468874226585,70.52381754354704,1906200
2025-01-27,73.50994110107422,74.8502490468139,72.1794904616931,72.25833387471819,1182100
2025-01-28,72.120361328125,72.99747361694138,71.05599781396973,72.70181457892436,1535000
2025-01-29,67.84320068359375,71.02643394347864,67.75450748288041,69.40032426010517,3228000
2025-01-30,71.3516616821289,72.99747855849691,69.6959874987806,70.0606251489078,1834400
2025-01-31,72.08094024658203,72.70181520909343,71.35165747045285,71.35165747045285,1506200
2025-02-03,70.64208221435547,71.56847352943363,69.30177425510604,70.07047874254461,919800
2025-02-04,71.2235336303711,71.6374577827514,69.7846752005468,70.55337966809059,959800
2025-02-05,71.92326354980469,72.33718020650512,69.85366522845845,71.81485573225143,1275400
2025-02-06,71.34180450439453,72.81022745238826,70.9377451445363,72.6426908280305,1316700
2025-02-07,71.68672943115234,71.87398065480316,70.2774353979632,71.62760063165067,795400
2025-02-10,70.09019470214844,71.79514032495953,69.97192957914643,71.73601152291948,1011000
2025-02-11,70.51396942138672,70.69136334834188,68.98641018822158,69.03568920306768,976700
2025-02-12,69.4101791381836,69.5875730523259,68.39509466461655,68.83857569051158,1049200
2025-02-13,70.22816467285156,70.46468739236704,69.18350825039168,69.60728219560615,901500
2025-02-14,69.8536605834961,71.4994848319455,69.8240961841151,70.70120845405135,846800
2025-02-18,70.13946533203125,70.49425317773729,69.5678618562913,69.86352090068695,1118300
2025-02-19,68.87799835205078,69.73540353546294,68.10929388640203,69.73540353546294,1159000
2025-02-20,68.56263732910156,69.065254716723,67.89248331858036,68.8681461730861,1164000
2025-02-21,67.8629150390625,68.87799954429344,67.0744959474096,68.86814223794433,1205100
2025-02-24,67.84320068359375,68.59219807161168,67.60667796276978,68.31625364416342,1124100
2025-02-25,68.88785552978516,69.77482511115745,68.02059304181154,68.02059304181154,1445000
2025-02-26,68.97655487060547,69.83396012876818,68.66118871569313,69.26235662332637,1030800
2025-02-27,69.02583312988281,70.43512726395616,68.53307304830363,69.32148466747704,1097400
2025-02-28,69.90294647216797,70.07048309775689,69.00611950179974,69.32148565775864,2958400
2025-03-03,67.04492950439453,70.701208080656,66.4141972578596,69.7551097108536,1385500
2025-03-04,66.08897399902344,67.10405847594276,64.6895372933467,66.50289814600342,1576800
2025-03-05,66.70000457763672,67.0055134204858,64.45301982098214,65.6159339078903,2133900
2025-03-06,65.70462799072266,66.36492470069801,64.82751564011727,65.49766965710003,1614300
2025-03-07,68.00088500976562,68.16842161756738,65.71447874207819,65.88201534987995,1357800
2025-03-10,67.18290710449219,68.88786027951333,66.56203211418382,67.55740957518282,2282600
2025-03-11,64.62055206298828,67.50812623023552,64.03909881840876,67.50812623023552,1579400
2025-03-12,65.13301849365234,65.69477215755097,64.3446069408172,65.03446798941314,1123000
2025-03-13,63.043724060058594,65.88201933399158,62.797344027007824,65.11331483390069,1518900
2025-03-14,64.5614242553711,64.7092537750692,63.44778172337748,64.03909980216991,1182500
2025-03-17,67.64610290527344,68.25712810879588,65.27100323918988,65.3301320424939,1765100
2025-03-18,67.41943359375,68.00088684318177,66.62115720055027,67.01536674400522,1418500
2025-03-19,67.8629150390625,68.83857783781863,67.242040079658,67.40957669298467,1462700
2025-03-20,67.47856140136719,68.32610927570948,67.19275967453814,67.73479872868316,1346500
2025-03-21,67.3504409790039,68.01074516973824,66.46347889157653,67.53769220671144,2903000
2025-03-24,68.47393798828125,68.85829021528197,67.86291283613889,68.00088504486112,1555400
2025-03-25,67.51798248291016,68.88785478644505,66.83797122470884,68.73016796527082,1139100
2025-03-26,67.92204284667969,68.14871577586678,66.98580176808089,67.59681941220666,1106700
2025-03-27,67.33073425292969,68.42466218691698,67.14348302419906,67.80378721854115,1063100
2025-03-28,66.70000457763672,67.83335426283976,66.09883667989222,67.51798811311494,1216700
2025-03-31,67.19000244140625,67.68000030517578,65.9000015258789,66.5999984741211,1582200
2025-04-01,66.95999908447266,67.69000244140625,65.70999908447266,67.47000122070312,1340100
2025-04-02,67.81999969482422,67.94999694824219,65.51000213623047,66.27999877929688,1148100
2025-04-03,62.599998474121094,66.45999908447266,62.4900016784668,65.77999877929688,1449700
2025-04-04,60.41999816894531,61.900001525878906,58.880001068115234,61.220001220703125,2530800
2025-04-07,58.4900016784668,62.02000045776367,56.439998626708984,58.86000061035156,2276600
2025-04-08,56.86000061035156,61.369998931884766,55.970001220703125,59.959999084472656,1983800
2025-04-09,61.59000015258789,61.970001220703125,54.220001220703125,55.79999923706055,2482700
2025-04-10,59.65999984741211,60.16999816894531,56.869998931884766,59.79999923706055,2200500
2025-04-11,60.63999938964844,60.790000915527344,57.54999923706055,59.06999969482422,1907200
2025-04-14,62.84000015258789,63.36000061035156,61.27000045776367,61.9900016784668,1903300
2025-04-15,63.59000015258789,63.84000015258789,62.400001525878906,62.7400016784668,1486600
2025-04-16,63.06999969482422,64.11000061035156,62.47999954223633,63.59000015258789,1412100
2025-04-17,63.880001068115234,64.80999755859375,63.369998931884766,63.470001220703125,1413500
